function_name,test_name,impl_name,input,output_raw,output_parsed,output_error,status,url
Hello,flat_black,level1,"""mars""","Red planet afar
Mysteries lie in your dust
Humans dream of you","""Red planet afar\nMysteries lie in your dust\nHumans dream of you""",,PASSED,https://app.trygloo.com/dashboard/projects/proj_7a9833d3-e585-4ac0-8e21-ff5cfe46f556/drilldown?process_id=0f127dad-a648-49b5-8b7f-332c49f86d16&test=true&start_time=2024-01-29T02:21:20.639Z&s_eid=797af77c-a76f-4a4c-8b8b-c879c0dc901f&eid=3d4e6fa7-f840-471b-81aa-980d49a0a88e
Hello,flat_black,level2,"""mars""","Red planet afar
Mysteries lie in your dust
Humans dream of you","""Red planet afar\nMysteries lie in your dust\nHumans dream of you""",,PASSED,https://app.trygloo.com/dashboard/projects/proj_7a9833d3-e585-4ac0-8e21-ff5cfe46f556/drilldown?process_id=0f127dad-a648-49b5-8b7f-332c49f86d16&test=true&start_time=2024-01-29T02:21:20.639Z&s_eid=5c281ebe-e24a-4998-b7df-60ee553c4758&eid=f25b58ec-e4ae-4ef8-97ff-b84626dc0064
Hello,northern_violet,level1,"""asfasefsefeeee""","Whispers of letters,
Asfasefsefeeee flows,
Mystery unfolds.","""Whispers of letters,\nAsfasefsefeeee flows,\nMystery unfolds.""",,PASSED,https://app.trygloo.com/dashboard/projects/proj_7a9833d3-e585-4ac0-8e21-ff5cfe46f556/drilldown?process_id=0f127dad-a648-49b5-8b7f-332c49f86d16&test=true&start_time=2024-01-29T02:21:20.639Z&s_eid=315026b0-7265-4638-945a-2f10d36d198b&eid=d92df444-b2f3-41b8-a515-39c2e1bb8169
Hello,northern_violet,level2,"""asfasefsefeeee""","Whispers of letters,
Asfasefsefeeee flows,
Mystery unfolds.","""Whispers of letters,\nAsfasefsefeeee flows,\nMystery unfolds.""",,PASSED,https://app.trygloo.com/dashboard/projects/proj_7a9833d3-e585-4ac0-8e21-ff5cfe46f556/drilldown?process_id=0f127dad-a648-49b5-8b7f-332c49f86d16&test=true&start_time=2024-01-29T02:21:20.639Z&s_eid=d667e731-f719-414d-9193-a79fc8478b05&eid=f5596fc0-e7c7-40d6-a005-6441cd0f0037
Hello,ruling_brown,level1,"""asfasefsefeee""","Whispers of letters,
Asfasefsefeee dances,
Mystery unfolds.","""Whispers of letters,\nAsfasefsefeee dances,\nMystery unfolds.""",,PASSED,https://app.trygloo.com/dashboard/projects/proj_7a9833d3-e585-4ac0-8e21-ff5cfe46f556/drilldown?process_id=0f127dad-a648-49b5-8b7f-332c49f86d16&test=true&start_time=2024-01-29T02:21:20.639Z&s_eid=52574b9f-b14d-4e8c-bd6b-91a6e5d619f6&eid=9a1b8f1d-9f9c-4bd5-9980-32601edd8983
Hello,ruling_brown,level2,"""asfasefsefeee""","Whispers of letters,
Asfasefsefeee dances,
Mystery unfolds.","""Whispers of letters,\nAsfasefsefeee dances,\nMystery unfolds.""",,PASSED,https://app.trygloo.com/dashboard/projects/proj_7a9833d3-e585-4ac0-8e21-ff5cfe46f556/drilldown?process_id=0f127dad-a648-49b5-8b7f-332c49f86d16&test=true&start_time=2024-01-29T02:21:20.639Z&s_eid=d88b7fdb-9d24-4e05-aaba-cd2ca8d372b6&eid=75bdb57c-817a-4b28-af7d-7781190c55f3